starttime	seconds	ctime	dtime	ttime	wait
Sun Feb 14 15:44:34 2016	1455464674	0	1333	1333	1303
Sun Feb 14 15:43:52 2016	1455464632	0	1416	1416	1382
Sun Feb 14 15:44:05 2016	1455464645	3	1444	1447	1403
Sun Feb 14 15:42:25 2016	1455464545	2	1522	1524	1476
Sun Feb 14 15:43:09 2016	1455464589	0	1688	1689	1648
Sun Feb 14 15:44:31 2016	1455464671	0	1899	1900	1863
Sun Feb 14 15:44:05 2016	1455464645	2	1958	1960	1921
Sun Feb 14 15:42:13 2016	1455464533	2	2034	2036	1999
Sun Feb 14 15:44:11 2016	1455464651	43	2030	2073	822
Sun Feb 14 15:42:15 2016	1455464535	0	2140	2141	2108
Sun Feb 14 15:42:41 2016	1455464561	0	2162	2163	2132
Sun Feb 14 15:43:52 2016	1455464632	0	2223	2223	1989
Sun Feb 14 15:42:14 2016	1455464534	2	2229	2231	2190
Sun Feb 14 15:44:34 2016	1455464674	0	2361	2361	2330
Sun Feb 14 15:42:57 2016	1455464577	714	1647	2361	1488
Sun Feb 14 15:42:57 2016	1455464577	21	2341	2361	1645
Sun Feb 14 15:43:11 2016	1455464591	4	2359	2362	2312
Sun Feb 14 15:44:35 2016	1455464675	2	2419	2421	2144
Sun Feb 14 15:42:51 2016	1455464571	2	2433	2435	2397
Sun Feb 14 15:44:35 2016	1455464675	7	2475	2482	2422
Sun Feb 14 15:42:52 2016	1455464572	1	2575	2576	2544
Sun Feb 14 15:44:10 2016	1455464650	25	2597	2622	2071
Sun Feb 14 15:44:03 2016	1455464643	2	2655	2657	2547
Sun Feb 14 15:44:24 2016	1455464664	0	2662	2663	2626
Sun Feb 14 15:43:28 2016	1455464608	0	2681	2681	2651
Sun Feb 14 15:42:26 2016	1455464546	3	2751	2753	2710
Sun Feb 14 15:43:41 2016	1455464621	51	2710	2761	2666
Sun Feb 14 15:42:25 2016	1455464545	5	2802	2807	2753
Sun Feb 14 15:42:54 2016	1455464574	2	2823	2825	2783
Sun Feb 14 15:42:51 2016	1455464571	168	2712	2880	2624
Sun Feb 14 15:44:13 2016	1455464653	6	2900	2906	2865
Sun Feb 14 15:44:10 2016	1455464650	3	2917	2919	2828
Sun Feb 14 15:42:39 2016	1455464559	2	2930	2932	2891
Sun Feb 14 15:43:51 2016	1455464631	0	2951	2951	2918
Sun Feb 14 15:44:08 2016	1455464648	2	2958	2960	2916
Sun Feb 14 15:44:32 2016	1455464672	0	3008	3008	2942
Sun Feb 14 15:44:23 2016	1455464663	0	3017	3018	2981
Sun Feb 14 15:42:42 2016	1455464562	808	2216	3024	2165
Sun Feb 14 15:43:32 2016	1455464612	8	3071	3078	2863
Sun Feb 14 15:44:13 2016	1455464653	41	3091	3132	3037
Sun Feb 14 15:42:51 2016	1455464571	58	3104	3162	3029
Sun Feb 14 15:43:34 2016	1455464614	2	3197	3198	3120
Sun Feb 14 15:42:26 2016	1455464546	2	3226	3228	3176
Sun Feb 14 15:43:32 2016	1455464612	0	3244	3244	3209
Sun Feb 14 15:44:25 2016	1455464665	0	3250	3250	3216
Sun Feb 14 15:44:34 2016	1455464674	0	3250	3251	3211
Sun Feb 14 15:43:53 2016	1455464633	8	3330	3339	3275
Sun Feb 14 15:44:33 2016	1455464673	40	3371	3410	3330
Sun Feb 14 15:43:50 2016	1455464630	0	3437	3437	3402
Sun Feb 14 15:44:03 2016	1455464643	3	3443	3446	3411
Sun Feb 14 15:43:13 2016	1455464593	172	3314	3486	3265
Sun Feb 14 15:43:27 2016	1455464607	7	3501	3508	3473
Sun Feb 14 15:44:09 2016	1455464649	0	3549	3549	3515
Sun Feb 14 15:44:32 2016	1455464672	6	3545	3551	3503
Sun Feb 14 15:43:29 2016	1455464609	0	3562	3562	3531
Sun Feb 14 15:43:32 2016	1455464612	0	3562	3563	3523
Sun Feb 14 15:44:26 2016	1455464666	191	3423	3615	3375
Sun Feb 14 15:44:04 2016	1455464644	1	3641	3641	3591
Sun Feb 14 15:44:09 2016	1455464649	0	3664	3664	3630
Sun Feb 14 15:42:56 2016	1455464576	924	2747	3670	2360
Sun Feb 14 15:42:56 2016	1455464576	14	3662	3675	3123
Sun Feb 14 15:42:56 2016	1455464576	551	3124	3675	2745
Sun Feb 14 15:43:19 2016	1455464599	0	3714	3714	3687
Sun Feb 14 15:43:50 2016	1455464630	4	3718	3722	3666
Sun Feb 14 15:42:53 2016	1455464573	40	3687	3726	3645
Sun Feb 14 15:42:39 2016	1455464559	0	3727	3727	3696
Sun Feb 14 15:42:18 2016	1455464538	37	3701	3738	3660
Sun Feb 14 15:42:57 2016	1455464577	873	2885	3758	2845
Sun Feb 14 15:42:57 2016	1455464577	913	2845	3758	2807
Sun Feb 14 15:42:57 2016	1455464577	951	2807	3758	2759
Sun Feb 14 15:42:57 2016	1455464577	999	2759	3758	2711
Sun Feb 14 15:42:57 2016	1455464577	1047	2711	3759	2674
Sun Feb 14 15:42:57 2016	1455464577	1085	2674	3759	2636
Sun Feb 14 15:43:26 2016	1455464606	0	3763	3763	3732
Sun Feb 14 15:43:53 2016	1455464633	63	3712	3775	3670
Sun Feb 14 15:43:44 2016	1455464624	288	3488	3776	3419
Sun Feb 14 15:44:33 2016	1455464673	0	3777	3778	3746
Sun Feb 14 15:44:09 2016	1455464649	2	3794	3796	3750
Sun Feb 14 15:44:03 2016	1455464643	0	3797	3797	3768
Sun Feb 14 15:44:33 2016	1455464673	0	3834	3834	3797
Sun Feb 14 15:43:54 2016	1455464634	117	3740	3857	3703
Sun Feb 14 15:43:39 2016	1455464619	1	3860	3860	3816
Sun Feb 14 15:42:24 2016	1455464544	0	3867	3867	3838
Sun Feb 14 15:44:09 2016	1455464649	1	3879	3880	3797
Sun Feb 14 15:44:11 2016	1455464651	1249	2667	3916	2426
Sun Feb 14 15:44:11 2016	1455464651	1490	2426	3916	2373
Sun Feb 14 15:44:11 2016	1455464651	1543	2373	3916	2284
Sun Feb 14 15:44:11 2016	1455464651	1671	2245	3916	2207
Sun Feb 14 15:42:24 2016	1455464544	0	3934	3935	3877
Sun Feb 14 15:43:29 2016	1455464609	6	3931	3937	3886
Sun Feb 14 15:42:21 2016	1455464541	2	3944	3946	3757
Sun Feb 14 15:43:19 2016	1455464599	0	3985	3986	3956
Sun Feb 14 15:44:28 2016	1455464668	0	4005	4006	3973
Sun Feb 14 15:43:30 2016	1455464610	6	4050	4056	3952
Sun Feb 14 15:43:36 2016	1455464616	0	4062	4062	4033
Sun Feb 14 15:44:30 2016	1455464670	2	4063	4064	3709
Sun Feb 14 15:44:05 2016	1455464645	2	4066	4069	3934
Sun Feb 14 15:42:39 2016	1455464559	54	4025	4079	3984
Sun Feb 14 15:42:57 2016	1455464577	1122	2966	4088	2889
Sun Feb 14 15:43:41 2016	1455464621	5	4095	4100	3928
Sun Feb 14 15:43:39 2016	1455464619	2	4114	4116	4065
Sun Feb 14 15:43:54 2016	1455464634	2	4116	4118	4080
Sun Feb 14 15:42:10 2016	1455464530	0	4131	4131	4100
Sun Feb 14 15:43:43 2016	1455464623	0	4175	4176	4138
Sun Feb 14 15:43:52 2016	1455464632	2	4176	4178	3834
Sun Feb 14 15:43:52 2016	1455464632	591	3587	4178	3423
Sun Feb 14 15:43:42 2016	1455464622	1	4185	4186	4125
Sun Feb 14 15:42:26 2016	1455464546	0	4199	4199	4161
Sun Feb 14 15:43:39 2016	1455464619	0	4199	4199	4169
Sun Feb 14 15:44:11 2016	1455464651	1709	2497	4207	2460
Sun Feb 14 15:43:09 2016	1455464589	0	4209	4209	4167
Sun Feb 14 15:42:39 2016	1455464559	0	4213	4213	4084
Sun Feb 14 15:44:32 2016	1455464672	2	4226	4229	4174
Sun Feb 14 15:42:15 2016	1455464535	2	4242	4244	4187
Sun Feb 14 15:44:26 2016	1455464666	136	4119	4255	4059
Sun Feb 14 15:43:40 2016	1455464620	1	4262	4264	4100
Sun Feb 14 15:43:53 2016	1455464633	220	4046	4266	3997
Sun Feb 14 15:42:55 2016	1455464575	0	4268	4268	3674
Sun Feb 14 15:44:11 2016	1455464651	1631	2679	4310	2639
Sun Feb 14 15:42:43 2016	1455464563	271	4052	4323	4015
Sun Feb 14 15:44:08 2016	1455464648	1	4327	4328	4291
Sun Feb 14 15:42:25 2016	1455464545	1	4335	4335	4273
Sun Feb 14 15:43:44 2016	1455464624	0	4343	4344	4207
Sun Feb 14 15:42:59 2016	1455464579	8	4339	4347	4228
Sun Feb 14 15:44:11 2016	1455464651	1869	2493	4362	2455
Sun Feb 14 15:44:32 2016	1455464672	2	4386	4388	4248
Sun Feb 14 15:44:33 2016	1455464673	0	4397	4397	4356
Sun Feb 14 15:43:11 2016	1455464591	50	4366	4416	4316
Sun Feb 14 15:44:33 2016	1455464673	2	4433	4435	4396
Sun Feb 14 15:42:57 2016	1455464577	1235	3212	4447	3175
Sun Feb 14 15:42:57 2016	1455464577	1199	3284	4482	3247
Sun Feb 14 15:42:16 2016	1455464536	188	4305	4493	3924
Sun Feb 14 15:43:47 2016	1455464627	0	4504	4505	4429
Sun Feb 14 15:43:53 2016	1455464633	601	3921	4523	3772
Sun Feb 14 15:44:31 2016	1455464671	0	4563	4564	4527
Sun Feb 14 15:44:08 2016	1455464648	0	4568	4568	4533
Sun Feb 14 15:43:22 2016	1455464602	8	4566	4574	4513
Sun Feb 14 15:44:06 2016	1455464646	0	4587	4587	4553
Sun Feb 14 15:43:54 2016	1455464634	75	4519	4595	4477
Sun Feb 14 15:43:53 2016	1455464633	105	4493	4598	4455
Sun Feb 14 15:42:13 2016	1455464533	1	4602	4604	4491
Sun Feb 14 15:42:55 2016	1455464575	0	4617	4617	4586
Sun Feb 14 15:44:08 2016	1455464648	0	4645	4645	4610
Sun Feb 14 15:43:51 2016	1455464631	3	4655	4657	4602
Sun Feb 14 15:42:57 2016	1455464577	1461	3199	4661	3163
Sun Feb 14 15:42:37 2016	1455464557	0	4684	4685	4644
Sun Feb 14 15:44:32 2016	1455464672	2	4694	4696	4578
Sun Feb 14 15:43:10 2016	1455464590	1	4708	4709	4669
Sun Feb 14 15:43:29 2016	1455464609	0	4709	4710	4679
Sun Feb 14 15:42:55 2016	1455464575	0	4713	4713	4679
Sun Feb 14 15:44:32 2016	1455464672	3	4721	4724	4604
Sun Feb 14 15:42:57 2016	1455464577	1389	3359	4748	3321
Sun Feb 14 15:42:12 2016	1455464532	1	4755	4756	4634
Sun Feb 14 15:43:17 2016	1455464597	148	4609	4757	4562
Sun Feb 14 15:44:08 2016	1455464648	0	4758	4758	4724
Sun Feb 14 15:43:38 2016	1455464618	0	4771	4772	4741
Sun Feb 14 15:42:16 2016	1455464536	18	4762	4780	4552
Sun Feb 14 15:44:11 2016	1455464651	1908	2874	4782	2827
Sun Feb 14 15:42:28 2016	1455464548	4	4779	4783	4631
Sun Feb 14 15:44:11 2016	1455464651	1747	3040	4787	2998
Sun Feb 14 15:43:43 2016	1455464623	0	4787	4787	4750
Sun Feb 14 15:44:21 2016	1455464661	0	4809	4809	4779
Sun Feb 14 15:43:10 2016	1455464590	0	4826	4826	4793
Sun Feb 14 15:44:08 2016	1455464648	0	4833	4833	4786
Sun Feb 14 15:44:32 2016	1455464672	5	4831	4835	4789
Sun Feb 14 15:42:14 2016	1455464534	1	4844	4845	4778
Sun Feb 14 15:43:23 2016	1455464603	92	4766	4858	4660
Sun Feb 14 15:42:52 2016	1455464572	0	4869	4869	4837
Sun Feb 14 15:42:28 2016	1455464548	429	4459	4888	4383
Sun Feb 14 15:43:50 2016	1455464630	0	4890	4890	4853
Sun Feb 14 15:42:54 2016	1455464574	0	4894	4894	4849
Sun Feb 14 15:43:53 2016	1455464633	1062	3842	4904	3795
Sun Feb 14 15:42:59 2016	1455464579	300	4606	4905	4568
Sun Feb 14 15:42:28 2016	1455464548	3	4930	4933	4478
Sun Feb 14 15:44:32 2016	1455464672	42	4895	4937	4854
Sun Feb 14 15:44:32 2016	1455464672	2	4960	4962	4922
Sun Feb 14 15:44:11 2016	1455464651	1954	3018	4972	2907
Sun Feb 14 15:44:11 2016	1455464651	1789	3184	4973	3142
Sun Feb 14 15:44:11 2016	1455464651	1830	3142	4973	3103
Sun Feb 14 15:42:46 2016	1455464566	0	4977	4978	4949
Sun Feb 14 15:43:51 2016	1455464631	0	4999	4999	4964
Sun Feb 14 15:43:52 2016	1455464632	343	4663	5007	4415
Sun Feb 14 15:44:32 2016	1455464672	40	4973	5012	4936
Sun Feb 14 15:42:38 2016	1455464558	0	5033	5034	4997
Sun Feb 14 15:42:11 2016	1455464531	0	5036	5036	5004
Sun Feb 14 15:42:57 2016	1455464577	1425	3650	5075	3613
Sun Feb 14 15:44:08 2016	1455464648	8	5072	5080	5026
Sun Feb 14 15:43:41 2016	1455464621	2	5081	5083	5046
Sun Feb 14 15:44:20 2016	1455464660	0	5091	5091	5051
Sun Feb 14 15:43:36 2016	1455464616	2	5091	5093	4995
Sun Feb 14 15:43:37 2016	1455464617	2	5099	5101	5063
Sun Feb 14 15:43:42 2016	1455464622	3	5111	5113	5071
Sun Feb 14 15:42:13 2016	1455464533	36	5078	5114	5027
Sun Feb 14 15:43:45 2016	1455464625	261	4909	5170	4867
Sun Feb 14 15:42:27 2016	1455464547	0	5173	5173	5139
Sun Feb 14 15:43:53 2016	1455464633	269	4910	5178	4834
Sun Feb 14 15:42:28 2016	1455464548	653	4544	5197	4468
Sun Feb 14 15:42:28 2016	1455464548	151	5057	5208	4925
Sun Feb 14 15:43:52 2016	1455464632	753	4457	5210	4372
Sun Feb 14 15:44:07 2016	1455464647	0	5217	5217	5187
Sun Feb 14 15:44:19 2016	1455464659	0	5218	5218	5190
Sun Feb 14 15:43:41 2016	1455464621	112	5124	5236	5036
Sun Feb 14 15:44:32 2016	1455464672	1	5244	5245	5203
Sun Feb 14 15:42:54 2016	1455464574	1	5250	5251	5185
Sun Feb 14 15:42:30 2016	1455464550	2	5252	5254	5213
Sun Feb 14 15:43:48 2016	1455464628	1	5267	5268	5208
Sun Feb 14 15:43:14 2016	1455464594	4	5278	5282	5229
Sun Feb 14 15:43:21 2016	1455464601	14	5271	5284	5016
Sun Feb 14 15:43:26 2016	1455464606	2	5288	5290	5248
Sun Feb 14 15:43:44 2016	1455464624	649	4652	5300	4573
Sun Feb 14 15:42:52 2016	1455464572	2	5310	5312	5256
Sun Feb 14 15:42:28 2016	1455464548	1069	4246	5315	4144
Sun Feb 14 15:42:28 2016	1455464548	445	4870	5315	4832
Sun Feb 14 15:42:28 2016	1455464548	483	4833	5315	4789
Sun Feb 14 15:42:59 2016	1455464579	226	5091	5318	5055
Sun Feb 14 15:43:12 2016	1455464592	5	5331	5336	5007
Sun Feb 14 15:42:45 2016	1455464565	5	5341	5346	5295
Sun Feb 14 15:42:45 2016	1455464565	2	5350	5352	5223
Sun Feb 14 15:44:27 2016	1455464667	0	5352	5353	5295
Sun Feb 14 15:42:45 2016	1455464565	3	5350	5353	5298
Sun Feb 14 15:43:53 2016	1455464633	344	5011	5354	4752
Sun Feb 14 15:42:28 2016	1455464548	373	4987	5360	4872
Sun Feb 14 15:42:26 2016	1455464546	0	5370	5371	5313
Sun Feb 14 15:43:50 2016	1455464630	0	5377	5378	5290
Sun Feb 14 15:42:17 2016	1455464537	158	5220	5378	5128
Sun Feb 14 15:42:12 2016	1455464532	0	5396	5397	5302
Sun Feb 14 15:43:30 2016	1455464610	2	5397	5399	5350
Sun Feb 14 15:42:57 2016	1455464577	1771	3632	5403	3580
Sun Feb 14 15:43:41 2016	1455464621	300	5108	5408	5049
Sun Feb 14 15:43:16 2016	1455464596	3	5434	5437	5379
Sun Feb 14 15:42:27 2016	1455464547	1	5469	5469	5063
Sun Feb 14 15:42:28 2016	1455464548	505	4966	5470	4850
Sun Feb 14 15:42:28 2016	1455464548	389	5082	5470	5041
Sun Feb 14 15:44:13 2016	1455464653	95	5377	5472	5282
Sun Feb 14 15:43:25 2016	1455464605	0	5472	5472	5391
Sun Feb 14 15:43:51 2016	1455464631	0	5476	5477	5440
Sun Feb 14 15:44:07 2016	1455464647	0	5481	5482	5450
Sun Feb 14 15:43:55 2016	1455464635	712	4778	5490	4740
Sun Feb 14 15:42:57 2016	1455464577	1581	3921	5502	3882
Sun Feb 14 15:42:57 2016	1455464577	1271	4231	5502	4113
Sun Feb 14 15:42:17 2016	1455464537	296	5207	5503	5165
Sun Feb 14 15:44:30 2016	1455464670	1	5505	5506	5443
Sun Feb 14 15:42:51 2016	1455464571	132	5382	5515	5336
Sun Feb 14 15:42:51 2016	1455464571	7	5508	5515	5457
Sun Feb 14 15:43:53 2016	1455464633	143	5379	5522	5299
Sun Feb 14 15:43:47 2016	1455464627	2	5527	5529	5484
Sun Feb 14 15:44:27 2016	1455464667	0	5534	5534	5505
Sun Feb 14 15:43:11 2016	1455464591	2	5536	5537	5382
Sun Feb 14 15:43:28 2016	1455464608	0	5537	5538	5503
Sun Feb 14 15:44:07 2016	1455464647	0	5551	5552	5518
Sun Feb 14 15:43:45 2016	1455464625	2	5569	5571	5533
Sun Feb 14 15:43:43 2016	1455464623	0	5571	5572	5536
Sun Feb 14 15:43:13 2016	1455464593	45	5550	5596	5461
Sun Feb 14 15:43:44 2016	1455464624	11	5597	5608	5413
Sun Feb 14 15:43:53 2016	1455464633	934	4681	5615	4646
Sun Feb 14 15:42:57 2016	1455464577	1713	3929	5642	3871
Sun Feb 14 15:43:53 2016	1455464633	817	4840	5657	4773
Sun Feb 14 15:42:13 2016	1455464533	86	5576	5662	5539
Sun Feb 14 15:42:54 2016	1455464574	2	5698	5700	5658
Sun Feb 14 15:42:54 2016	1455464574	41	5659	5701	5619
Sun Feb 14 15:44:07 2016	1455464647	0	5707	5707	5674
Sun Feb 14 15:42:57 2016	1455464577	1620	4097	5716	4056
Sun Feb 14 15:42:32 2016	1455464552	2	5716	5718	5633
Sun Feb 14 15:44:22 2016	1455464662	0	5724	5725	5690
Sun Feb 14 15:43:20 2016	1455464600	0	5731	5731	5701
Sun Feb 14 15:42:41 2016	1455464561	0	5747	5747	5714
Sun Feb 14 15:43:49 2016	1455464629	1	5748	5750	5703
Sun Feb 14 15:42:53 2016	1455464573	9	5762	5771	5700
Sun Feb 14 15:42:26 2016	1455464546	0	5794	5795	5759
Sun Feb 14 15:42:38 2016	1455464558	0	5808	5809	5777
Sun Feb 14 15:42:16 2016	1455464536	0	5819	5819	5643
Sun Feb 14 15:43:30 2016	1455464610	48	5772	5820	5681
Sun Feb 14 15:44:07 2016	1455464647	0	5822	5822	5787
Sun Feb 14 15:43:31 2016	1455464611	2	5821	5823	5760
Sun Feb 14 15:44:30 2016	1455464670	1	5851	5852	5815
Sun Feb 14 15:43:58 2016	1455464638	2	5860	5862	5821
Sun Feb 14 15:42:26 2016	1455464546	0	5878	5878	5847
Sun Feb 14 15:43:49 2016	1455464629	7	5878	5885	5803
Sun Feb 14 15:42:51 2016	1455464571	0	5895	5896	5772
Sun Feb 14 15:43:47 2016	1455464627	3	5912	5914	5875
Sun Feb 14 15:43:17 2016	1455464597	57	5858	5915	5767
Sun Feb 14 15:43:46 2016	1455464626	0	5916	5916	5886
Sun Feb 14 15:43:31 2016	1455464611	62	5860	5922	5817
Sun Feb 14 15:42:28 2016	1455464548	284	5652	5935	5547
Sun Feb 14 15:42:27 2016	1455464547	0	5953	5953	5915
Sun Feb 14 15:43:55 2016	1455464635	378	5580	5959	5377
Sun Feb 14 15:44:24 2016	1455464664	2	5992	5993	5866
Sun Feb 14 15:43:59 2016	1455464639	0	6002	6003	5972
Sun Feb 14 15:42:28 2016	1455464548	526	5500	6025	5456
Sun Feb 14 15:43:16 2016	1455464596	56	5979	6035	5928
Sun Feb 14 15:43:35 2016	1455464615	1	6036	6038	5803
Sun Feb 14 15:42:32 2016	1455464552	3	6062	6064	6020
Sun Feb 14 15:43:09 2016	1455464589	0	6065	6065	6037
Sun Feb 14 15:44:07 2016	1455464647	0	6066	6067	6037
Sun Feb 14 15:44:30 2016	1455464670	0	6073	6073	5999
Sun Feb 14 15:42:53 2016	1455464573	2	6084	6086	6046
Sun Feb 14 15:43:46 2016	1455464626	2	6086	6088	6044
Sun Feb 14 15:43:18 2016	1455464598	2	6090	6091	6050
Sun Feb 14 15:43:46 2016	1455464626	56	6038	6094	5997
Sun Feb 14 15:42:59 2016	1455464579	187	5916	6103	5877
Sun Feb 14 15:43:13 2016	1455464593	260	5869	6129	5820
Sun Feb 14 15:43:33 2016	1455464613	78	6052	6129	6012
Sun Feb 14 15:43:28 2016	1455464608	0	6136	6137	6099
Sun Feb 14 15:43:07 2016	1455464587	45	6099	6144	6049
Sun Feb 14 15:42:57 2016	1455464577	1926	4225	6151	4188
Sun Feb 14 15:42:53 2016	1455464573	5	6150	6155	6086
Sun Feb 14 15:42:20 2016	1455464540	0	6162	6162	6079
Sun Feb 14 15:42:59 2016	1455464579	119	6048	6167	5980
Sun Feb 14 15:43:45 2016	1455464625	38	6144	6182	6102
Sun Feb 14 15:43:10 2016	1455464590	0	6193	6194	6161
Sun Feb 14 15:43:11 2016	1455464591	1	6216	6217	6170
Sun Feb 14 15:42:28 2016	1455464548	1169	5054	6223	5004
Sun Feb 14 15:44:13 2016	1455464653	346	5899	6245	5862
Sun Feb 14 15:43:48 2016	1455464628	0	6247	6247	6217
Sun Feb 14 15:43:41 2016	1455464621	37	6213	6250	6177
Sun Feb 14 15:42:59 2016	1455464579	262	5993	6256	5956
Sun Feb 14 15:43:16 2016	1455464596	2	6257	6259	6211
Sun Feb 14 15:42:57 2016	1455464577	1948	4321	6269	3927
Sun Feb 14 15:42:53 2016	1455464573	1	6280	6281	6154
Sun Feb 14 15:44:22 2016	1455464662	2	6283	6285	6244
Sun Feb 14 15:42:57 2016	1455464577	1882	4403	6285	4359
Sun Feb 14 15:44:06 2016	1455464646	0	6286	6286	6248
Sun Feb 14 15:42:28 2016	1455464548	728	5565	6294	5502
Sun Feb 14 15:44:31 2016	1455464671	0	6298	6298	6269
Sun Feb 14 15:42:53 2016	1455464573	0	6309	6309	6280
Sun Feb 14 15:43:27 2016	1455464607	0	6323	6323	6291
Sun Feb 14 15:44:29 2016	1455464669	0	6323	6324	6288
Sun Feb 14 15:42:25 2016	1455464545	0	6332	6332	6280
Sun Feb 14 15:42:12 2016	1455464532	0	6338	6338	6307
Sun Feb 14 15:42:47 2016	1455464567	0	6358	6358	6315
Sun Feb 14 15:43:48 2016	1455464628	1	6357	6359	6320
Sun Feb 14 15:42:36 2016	1455464556	6	6356	6362	6327
Sun Feb 14 15:44:30 2016	1455464670	0	6363	6364	6333
Sun Feb 14 15:44:25 2016	1455464665	0	6378	6378	6338
Sun Feb 14 15:41:56 2016	1455464516	749	5646	6394	5603
Sun Feb 14 15:41:56 2016	1455464516	461	5933	6394	5854
Sun Feb 14 15:41:56 2016	1455464516	845	5550	6395	5509
Sun Feb 14 15:41:56 2016	1455464516	316	6079	6395	6034
Sun Feb 14 15:41:56 2016	1455464516	791	5603	6395	5549
Sun Feb 14 15:41:56 2016	1455464516	2147	4248	6395	4159
Sun Feb 14 15:41:56 2016	1455464516	419	5976	6395	5934
Sun Feb 14 15:41:56 2016	1455464516	541	5854	6395	5746
Sun Feb 14 15:41:56 2016	1455464516	692	5703	6395	5646
Sun Feb 14 15:41:56 2016	1455464516	3	6392	6395	6125
Sun Feb 14 15:41:56 2016	1455464516	649	5746	6395	5702
Sun Feb 14 15:41:56 2016	1455464516	270	6126	6395	6079
Sun Feb 14 15:41:56 2016	1455464516	360	6035	6395	5976
Sun Feb 14 15:43:11 2016	1455464591	99	6317	6416	6278
Sun Feb 14 15:42:40 2016	1455464560	0	6421	6422	6389
Sun Feb 14 15:43:11 2016	1455464591	2	6423	6424	6383
Sun Feb 14 15:43:11 2016	1455464591	41	6383	6425	6342
Sun Feb 14 15:42:57 2016	1455464577	1820	4605	6425	4543
Sun Feb 14 15:42:57 2016	1455464577	1660	4765	6425	4712
Sun Feb 14 15:42:57 2016	1455464577	1538	4887	6425	4844
Sun Feb 14 15:42:57 2016	1455464577	1498	4928	6425	4887
Sun Feb 14 15:42:47 2016	1455464567	0	6449	6450	6418
Sun Feb 14 15:44:13 2016	1455464653	190	6271	6461	6230
Sun Feb 14 15:44:06 2016	1455464646	2	6462	6463	6419
Sun Feb 14 15:43:41 2016	1455464621	73	6390	6464	6351
Sun Feb 14 15:42:30 2016	1455464550	1	6473	6475	6334
Sun Feb 14 15:43:50 2016	1455464630	2	6484	6487	6440
Sun Feb 14 15:43:47 2016	1455464627	81	6410	6491	6367
Sun Feb 14 15:43:55 2016	1455464635	671	5836	6506	5794
Sun Feb 14 15:44:06 2016	1455464646	1	6511	6512	6463
Sun Feb 14 15:42:50 2016	1455464570	0	6537	6537	6491
Sun Feb 14 15:42:33 2016	1455464553	6	6542	6548	6495
Sun Feb 14 15:42:47 2016	1455464567	0	6563	6563	6526
Sun Feb 14 15:43:16 2016	1455464596	1	6589	6590	6550
Sun Feb 14 15:43:22 2016	1455464602	550	6043	6593	5886
Sun Feb 14 15:43:34 2016	1455464614	40	6574	6614	6465
Sun Feb 14 15:43:53 2016	1455464633	1017	5622	6639	5576
Sun Feb 14 15:43:29 2016	1455464609	3	6645	6648	6564
Sun Feb 14 15:43:48 2016	1455464628	1	6652	6654	6612
Sun Feb 14 15:43:45 2016	1455464625	303	6356	6658	6317
Sun Feb 14 15:43:30 2016	1455464610	7	6659	6666	6482
Sun Feb 14 15:42:50 2016	1455464570	0	6672	6672	6638
Sun Feb 14 15:42:15 2016	1455464535	1	6691	6692	6588
Sun Feb 14 15:43:53 2016	1455464633	969	5725	6693	5676
Sun Feb 14 15:43:15 2016	1455464595	2	6724	6727	6671
Sun Feb 14 15:43:21 2016	1455464601	0	6751	6752	6520
Sun Feb 14 15:42:16 2016	1455464536	613	6148	6761	6107
Sun Feb 14 15:42:38 2016	1455464558	0	6767	6768	6670
Sun Feb 14 15:43:53 2016	1455464633	1108	5672	6779	5631
Sun Feb 14 15:42:33 2016	1455464553	2	6805	6806	6755
Sun Feb 14 15:42:09 2016	1455464529	0	6814	6814	6786
Sun Feb 14 15:43:09 2016	1455464589	0	6820	6820	6788
Sun Feb 14 15:42:28 2016	1455464548	568	6253	6820	6204
Sun Feb 14 15:43:29 2016	1455464609	2	6828	6830	6792
Sun Feb 14 15:42:40 2016	1455464560	0	6836	6836	6792
Sun Feb 14 15:44:30 2016	1455464670	1	6840	6841	6804
Sun Feb 14 15:42:35 2016	1455464555	0	6848	6849	6455
Sun Feb 14 15:43:47 2016	1455464627	2	6848	6850	6814
Sun Feb 14 15:42:59 2016	1455464579	641	6218	6859	6176
Sun Feb 14 15:42:25 2016	1455464545	3	6867	6871	6826
Sun Feb 14 15:44:13 2016	1455464653	307	6564	6871	6525
Sun Feb 14 15:43:43 2016	1455464623	0	6882	6883	6855
Sun Feb 14 15:42:30 2016	1455464550	543	6344	6887	6304
Sun Feb 14 15:43:27 2016	1455464607	2	6888	6890	6841
Sun Feb 14 15:42:11 2016	1455464531	0	6896	6896	6854
Sun Feb 14 15:42:50 2016	1455464570	0	6896	6897	6867
Sun Feb 14 15:42:21 2016	1455464541	3	6915	6917	6854
Sun Feb 14 15:42:23 2016	1455464543	0	6943	6943	6914
Sun Feb 14 15:42:28 2016	1455464548	615	6334	6949	6296
Sun Feb 14 15:42:10 2016	1455464530	0	6949	6949	6917
Sun Feb 14 15:42:23 2016	1455464543	1	6950	6950	6915
Sun Feb 14 15:42:59 2016	1455464579	526	6446	6972	6330
Sun Feb 14 15:43:31 2016	1455464611	2	6972	6973	6914
Sun Feb 14 15:44:13 2016	1455464653	269	6721	6990	6683
Sun Feb 14 15:42:42 2016	1455464562	50	6941	6991	6765
Sun Feb 14 15:42:52 2016	1455464572	0	6993	6994	6962
Sun Feb 14 15:43:49 2016	1455464629	3	6998	7002	6946
Sun Feb 14 15:42:15 2016	1455464535	0	7008	7009	6980
Sun Feb 14 15:42:09 2016	1455464529	1	7010	7010	6977
Sun Feb 14 15:43:46 2016	1455464626	2	7008	7011	6929
Sun Feb 14 15:43:32 2016	1455464612	530	6504	7034	6459
Sun Feb 14 15:43:17 2016	1455464597	429	6619	7049	6526
Sun Feb 14 15:43:26 2016	1455464606	0	7056	7057	6987
Sun Feb 14 15:43:19 2016	1455464599	0	7058	7058	7023
Sun Feb 14 15:43:17 2016	1455464597	3	7056	7059	7001
Sun Feb 14 15:43:04 2016	1455464584	0	7075	7075	7044
Sun Feb 14 15:43:32 2016	1455464612	574	6505	7079	6461
Sun Feb 14 15:43:09 2016	1455464589	0	7084	7084	7038
Sun Feb 14 15:42:40 2016	1455464560	4	7083	7087	6990
Sun Feb 14 15:42:45 2016	1455464565	9	7082	7091	7023
Sun Feb 14 15:42:18 2016	1455464538	36	7062	7099	7020
Sun Feb 14 15:42:43 2016	1455464563	233	6869	7102	6831
Sun Feb 14 15:42:39 2016	1455464559	8	7103	7111	7051
Sun Feb 14 15:43:22 2016	1455464602	323	6800	7123	6763
Sun Feb 14 15:43:47 2016	1455464627	5	7120	7125	7063
Sun Feb 14 15:43:23 2016	1455464603	81	7056	7136	7012
Sun Feb 14 15:43:35 2016	1455464615	41	7112	7154	7072
Sun Feb 14 15:44:28 2016	1455464668	0	7166	7167	7129
Sun Feb 14 15:43:09 2016	1455464589	0	7173	7173	7133
Sun Feb 14 15:44:13 2016	1455464653	231	6944	7174	6906
Sun Feb 14 15:43:38 2016	1455464618	0	7180	7180	7141
Sun Feb 14 15:43:25 2016	1455464605	2	7182	7184	7148
Sun Feb 14 15:44:01 2016	1455464641	0	7185	7185	7152
Sun Feb 14 15:43:54 2016	1455464634	37	7161	7198	7122
Sun Feb 14 15:42:05 2016	1455464525	0	7204	7205	7162
Sun Feb 14 15:43:18 2016	1455464598	2	7203	7205	7141
Sun Feb 14 15:43:22 2016	1455464602	359	6847	7206	6810
Sun Feb 14 15:43:46 2016	1455464626	1	7213	7214	7167
Sun Feb 14 15:42:15 2016	1455464535	57	7161	7218	7123
Sun Feb 14 15:44:25 2016	1455464665	0	7223	7223	7181
Sun Feb 14 15:42:15 2016	1455464535	0	7229	7230	7191
Sun Feb 14 15:43:17 2016	1455464597	44	7186	7230	7147
Sun Feb 14 15:43:53 2016	1455464633	750	6481	7231	6413
Sun Feb 14 15:44:03 2016	1455464643	38	7200	7238	7150
Sun Feb 14 15:43:44 2016	1455464624	195	7049	7244	6955
Sun Feb 14 15:41:56 2016	1455464516	2335	4936	7271	4895
Sun Feb 14 15:41:56 2016	1455464516	2376	4895	7271	4847
Sun Feb 14 15:41:56 2016	1455464516	2236	5036	7271	4985
Sun Feb 14 15:41:56 2016	1455464516	885	6387	7271	5124
Sun Feb 14 15:42:31 2016	1455464551	5	7270	7275	7225
Sun Feb 14 15:43:11 2016	1455464591	2	7279	7281	7230
Sun Feb 14 15:42:19 2016	1455464539	36	7252	7288	6818
Sun Feb 14 15:43:54 2016	1455464634	233	7056	7289	6862
Sun Feb 14 15:43:23 2016	1455464603	197	7093	7290	7004
Sun Feb 14 15:43:16 2016	1455464596	65	7231	7295	7194
Sun Feb 14 15:42:21 2016	1455464541	1	7298	7299	7239
Sun Feb 14 15:43:39 2016	1455464619	0	7299	7300	7267
Sun Feb 14 15:43:25 2016	1455464605	2	7301	7302	7246
Sun Feb 14 15:43:15 2016	1455464595	2	7307	7309	7256
Sun Feb 14 15:44:05 2016	1455464645	2	7310	7312	7275
Sun Feb 14 15:43:34 2016	1455464614	4	7318	7322	7229
Sun Feb 14 15:43:37 2016	1455464617	0	7324	7325	7292
Sun Feb 14 15:43:35 2016	1455464615	81	7279	7360	7243
Sun Feb 14 15:43:30 2016	1455464610	2	7359	7361	7320
Sun Feb 14 15:42:17 2016	1455464537	41	7333	7374	7286
Sun Feb 14 15:42:11 2016	1455464531	0	7386	7386	7353
Sun Feb 14 15:42:19 2016	1455464539	2	7392	7394	7356
Sun Feb 14 15:43:11 2016	1455464591	0	7407	7407	7345
Sun Feb 14 15:44:28 2016	1455464668	0	7432	7432	7400
Sun Feb 14 15:44:30 2016	1455464670	0	7438	7439	7406
Sun Feb 14 15:42:59 2016	1455464579	795	6648	7443	6604
Sun Feb 14 15:43:54 2016	1455464634	427	7032	7460	6993
Sun Feb 14 15:43:45 2016	1455464625	417	7062	7480	7022
Sun Feb 14 15:43:03 2016	1455464583	1	7492	7493	7449
Sun Feb 14 15:43:03 2016	1455464583	4	7492	7496	7413
Sun Feb 14 15:42:41 2016	1455464561	0	7497	7498	7465
Sun Feb 14 15:43:49 2016	1455464629	0	7508	7509	7466
Sun Feb 14 15:42:23 2016	1455464543	6	7512	7517	7075
Sun Feb 14 15:43:06 2016	1455464586	0	7526	7527	7496
Sun Feb 14 15:43:14 2016	1455464594	1	7532	7532	7493
Sun Feb 14 15:42:32 2016	1455464552	42	7530	7572	7443
Sun Feb 14 15:44:18 2016	1455464658	0	7572	7572	7541
Sun Feb 14 15:44:05 2016	1455464645	1	7588	7590	7510
Sun Feb 14 15:43:40 2016	1455464620	1	7602	7602	7197
Sun Feb 14 15:42:49 2016	1455464569	0	7606	7606	7568
Sun Feb 14 15:43:15 2016	1455464595	1	7624	7626	7529
Sun Feb 14 15:42:05 2016	1455464525	0	7632	7633	7596
Sun Feb 14 15:43:47 2016	1455464627	2	7640	7643	7560
Sun Feb 14 15:42:52 2016	1455464572	55	7599	7654	7549
Sun Feb 14 15:42:28 2016	1455464548	933	6728	7661	6592
Sun Feb 14 15:42:05 2016	1455464525	2	7665	7667	7629
Sun Feb 14 15:43:21 2016	1455464601	548	7122	7670	7078
Sun Feb 14 15:42:30 2016	1455464550	318	7361	7679	7135
Sun Feb 14 15:42:19 2016	1455464539	2	7687	7689	7650
Sun Feb 14 15:43:24 2016	1455464604	0	7690	7691	7662
Sun Feb 14 15:42:10 2016	1455464530	1	7697	7697	7656
Sun Feb 14 15:44:24 2016	1455464664	0	7710	7711	7679
Sun Feb 14 15:44:05 2016	1455464645	101	7626	7727	7586
Sun Feb 14 15:44:05 2016	1455464645	42	7685	7728	7625
Sun Feb 14 15:43:46 2016	1455464626	3	7736	7739	7642
Sun Feb 14 15:43:14 2016	1455464594	0	7750	7750	7712
Sun Feb 14 15:42:14 2016	1455464534	0	7762	7762	7721
Sun Feb 14 15:43:49 2016	1455464629	1	7774	7775	7739
Sun Feb 14 15:42:02 2016	1455464522	228	7550	7778	7509
Sun Feb 14 15:43:38 2016	1455464618	0	7788	7789	7461
Sun Feb 14 15:44:03 2016	1455464643	2	7788	7790	7752
Sun Feb 14 15:42:22 2016	1455464542	46	7748	7794	7703
Sun Feb 14 15:44:29 2016	1455464669	0	7809	7810	7776
Sun Feb 14 15:43:08 2016	1455464588	0	7815	7816	7785
Sun Feb 14 15:43:36 2016	1455464616	2	7818	7819	7781
Sun Feb 14 15:43:15 2016	1455464595	0	7837	7837	7806
Sun Feb 14 15:43:37 2016	1455464617	0	7841	7841	7804
Sun Feb 14 15:43:33 2016	1455464613	413	7442	7854	7405
Sun Feb 14 15:43:33 2016	1455464613	116	7738	7854	7695
Sun Feb 14 15:42:51 2016	1455464571	178	7697	7875	7654
Sun Feb 14 15:44:19 2016	1455464659	0	7891	7892	7854
Sun Feb 14 15:42:48 2016	1455464568	0	7911	7911	7880
Sun Feb 14 15:43:13 2016	1455464593	180	7733	7913	7642
Sun Feb 14 15:44:29 2016	1455464669	0	7917	7917	7889
Sun Feb 14 15:42:42 2016	1455464562	1011	6913	7924	6872
Sun Feb 14 15:43:47 2016	1455464627	0	7926	7926	7894
Sun Feb 14 15:43:07 2016	1455464587	2	7928	7931	7884
Sun Feb 14 15:43:58 2016	1455464638	0	7948	7948	7920
Sun Feb 14 15:42:13 2016	1455464533	112	7844	7956	7685
Sun Feb 14 15:43:01 2016	1455464581	83	7881	7963	7779
Sun Feb 14 15:43:12 2016	1455464592	464	7516	7980	7475
Sun Feb 14 15:42:59 2016	1455464579	682	7310	7992	7270
Sun Feb 14 15:43:37 2016	1455464617	0	8000	8001	7964
Sun Feb 14 15:42:33 2016	1455464553	2	8027	8028	7766
Sun Feb 14 15:42:43 2016	1455464563	345	7684	8029	7645
Sun Feb 14 15:42:20 2016	1455464540	0	8029	8029	7995
Sun Feb 14 15:43:30 2016	1455464610	139	7902	8041	7865
Sun Feb 14 15:41:56 2016	1455464516	2520	5541	8060	5489
Sun Feb 14 15:41:56 2016	1455464516	2286	5774	8061	5725
Sun Feb 14 15:43:15 2016	1455464595	1	8060	8061	8029
Sun Feb 14 15:42:33 2016	1455464553	2	8061	8062	8025
Sun Feb 14 15:43:14 2016	1455464594	1	8063	8063	7998
Sun Feb 14 15:44:05 2016	1455464645	0	8074	8074	8030
Sun Feb 14 15:42:59 2016	1455464579	337	7746	8083	7710
Sun Feb 14 15:42:59 2016	1455464579	373	7711	8084	7663
Sun Feb 14 15:44:16 2016	1455464656	49	8040	8089	7988
Sun Feb 14 15:44:13 2016	1455464653	525	7568	8093	7446
Sun Feb 14 15:42:22 2016	1455464542	0	8100	8101	8070
Sun Feb 14 15:42:37 2016	1455464557	2	8115	8117	8079
Sun Feb 14 15:42:51 2016	1455464571	2	8129	8131	7962
Sun Feb 14 15:42:47 2016	1455464567	0	8166	8167	8131
Sun Feb 14 15:43:55 2016	1455464635	789	7405	8194	7367
Sun Feb 14 15:44:23 2016	1455464663	1	8197	8197	8118
Sun Feb 14 15:43:33 2016	1455464613	2	8212	8213	8176
Sun Feb 14 15:43:39 2016	1455464619	0	8227	8227	8196
Sun Feb 14 15:42:20 2016	1455464540	1	8239	8240	8199
Sun Feb 14 15:43:06 2016	1455464586	0	8243	8243	8213
Sun Feb 14 15:41:56 2016	1455464516	3397	4868	8265	4798
Sun Feb 14 15:41:56 2016	1455464516	3467	4798	8265	4676
Sun Feb 14 15:41:56 2016	1455464516	3344	4921	8266	4868
Sun Feb 14 15:41:56 2016	1455464516	2424	5842	8266	5746
Sun Feb 14 15:44:29 2016	1455464669	0	8285	8285	8253
Sun Feb 14 15:43:22 2016	1455464602	706	7588	8294	7540
Sun Feb 14 15:43:45 2016	1455464625	682	7637	8319	7511
Sun Feb 14 15:43:45 2016	1455464625	341	7978	8320	7941
Sun Feb 14 15:43:45 2016	1455464625	224	8096	8320	8058
Sun Feb 14 15:43:45 2016	1455464625	80	8241	8320	8096
Sun Feb 14 15:42:17 2016	1455464537	2	8345	8347	8306
Sun Feb 14 15:42:20 2016	1455464540	2	8356	8358	8320
Sun Feb 14 15:42:59 2016	1455464579	420	7948	8368	7841
Sun Feb 14 15:43:42 2016	1455464622	1	8367	8368	8332
Sun Feb 14 15:42:30 2016	1455464550	232	8143	8375	8106
Sun Feb 14 15:43:30 2016	1455464610	176	8205	8381	8117
Sun Feb 14 15:42:22 2016	1455464542	1	8392	8394	8357
Sun Feb 14 15:44:29 2016	1455464669	0	8398	8398	8360
Sun Feb 14 15:43:23 2016	1455464603	44	8357	8400	8319
Sun Feb 14 15:43:17 2016	1455464597	14	8390	8403	8259
Sun Feb 14 15:42:47 2016	1455464567	0	8465	8465	8420
Sun Feb 14 15:42:07 2016	1455464527	3	8463	8466	8361
Sun Feb 14 15:43:32 2016	1455464612	9	8464	8473	7986
Sun Feb 14 15:44:13 2016	1455464653	384	8092	8476	8031
Sun Feb 14 15:44:04 2016	1455464644	1	8490	8491	8454
Sun Feb 14 15:43:54 2016	1455464634	819	7673	8492	7610
Sun Feb 14 15:43:41 2016	1455464621	199	8301	8501	8200
Sun Feb 14 15:42:48 2016	1455464568	0	8504	8505	8475
Sun Feb 14 15:44:26 2016	1455464666	3	8534	8537	8422
Sun Feb 14 15:44:04 2016	1455464644	8	8534	8542	8489
Sun Feb 14 15:43:56 2016	1455464636	2	8542	8545	8497
Sun Feb 14 15:43:31 2016	1455464611	59	8498	8557	8456
Sun Feb 14 15:42:28 2016	1455464548	849	7709	8557	7624
Sun Feb 14 15:43:22 2016	1455464602	284	8277	8561	8238
Sun Feb 14 15:43:22 2016	1455464602	60	8505	8565	8400
Sun Feb 14 15:43:36 2016	1455464616	5	8587	8592	8544
Sun Feb 14 15:44:22 2016	1455464662	1	8595	8596	8556
Sun Feb 14 15:43:54 2016	1455464634	881	7720	8601	7653
Sun Feb 14 15:43:54 2016	1455464634	154	8449	8602	8411
Sun Feb 14 15:42:28 2016	1455464548	791	7822	8613	7764
Sun Feb 14 15:42:36 2016	1455464556	0	8622	8622	8592
Sun Feb 14 15:41:56 2016	1455464516	3858	4771	8629	4663
Sun Feb 14 15:43:17 2016	1455464597	2	8634	8636	8590
Sun Feb 14 15:43:26 2016	1455464606	2	8639	8640	8603
Sun Feb 14 15:43:58 2016	1455464638	0	8641	8642	8603
Sun Feb 14 15:43:46 2016	1455464626	132	8526	8658	8363
Sun Feb 14 15:43:22 2016	1455464602	441	8223	8664	8152
Sun Feb 14 15:43:22 2016	1455464602	396	8269	8665	8223
Sun Feb 14 15:43:17 2016	1455464597	2	8673	8675	8502
Sun Feb 14 15:44:04 2016	1455464644	2	8675	8677	8637
Sun Feb 14 15:43:56 2016	1455464636	399	8285	8684	8248
Sun Feb 14 15:43:12 2016	1455464592	504	8202	8706	8165
Sun Feb 14 15:42:34 2016	1455464554	236	8472	8708	8433
Sun Feb 14 15:43:42 2016	1455464622	3	8706	8709	8663
Sun Feb 14 15:42:44 2016	1455464564	1	8723	8724	8686
Sun Feb 14 15:43:35 2016	1455464615	0	8729	8730	8695
Sun Feb 14 15:43:33 2016	1455464613	37	8699	8736	8659
Sun Feb 14 15:42:14 2016	1455464534	0	8741	8741	8710
Sun Feb 14 15:43:53 2016	1455464633	884	7857	8741	7807
Sun Feb 14 15:42:45 2016	1455464565	65	8682	8747	8635
Sun Feb 14 15:41:56 2016	1455464516	3643	5147	8790	5103
Sun Feb 14 15:42:50 2016	1455464570	0	8801	8802	8715
Sun Feb 14 15:43:24 2016	1455464604	1	8814	8814	8755
Sun Feb 14 15:42:42 2016	1455464562	856	7968	8825	7932
Sun Feb 14 15:43:54 2016	1455464634	467	8362	8829	8129
Sun Feb 14 15:41:56 2016	1455464516	2571	6259	8830	5486
Sun Feb 14 15:44:00 2016	1455464640	0	8833	8833	8800
Sun Feb 14 15:43:36 2016	1455464616	3	8835	8838	8670
Sun Feb 14 15:43:25 2016	1455464605	2	8847	8850	8787
Sun Feb 14 15:44:02 2016	1455464642	2	8892	8895	8845
Sun Feb 14 15:43:21 2016	1455464601	268	8627	8895	8347
Sun Feb 14 15:43:14 2016	1455464594	2	8897	8899	8840
Sun Feb 14 15:43:15 2016	1455464595	0	8925	8925	8815
Sun Feb 14 15:42:45 2016	1455464565	2	8924	8926	8883
Sun Feb 14 15:43:55 2016	1455464635	625	8305	8929	8258
Sun Feb 14 15:44:02 2016	1455464642	10	8923	8933	8895
Sun Feb 14 15:43:12 2016	1455464592	540	8398	8938	8356
Sun Feb 14 15:43:13 2016	1455464593	135	8813	8948	8775
Sun Feb 14 15:43:13 2016	1455464593	2	8952	8954	8903
Sun Feb 14 15:43:13 2016	1455464593	219	8735	8954	8688
Sun Feb 14 15:43:13 2016	1455464593	403	8553	8957	8506
Sun Feb 14 15:43:15 2016	1455464595	2	8964	8966	8928
Sun Feb 14 15:43:55 2016	1455464635	581	8399	8980	8355
Sun Feb 14 15:42:16 2016	1455464536	104	8880	8984	8796
Sun Feb 14 15:43:24 2016	1455464604	0	8992	8992	8949
Sun Feb 14 15:43:35 2016	1455464615	1	8993	8994	8953
Sun Feb 14 15:44:13 2016	1455464653	1106	7922	9029	7877
Sun Feb 14 15:43:40 2016	1455464620	0	9032	9032	8969
Sun Feb 14 15:42:18 2016	1455464538	4	9036	9040	8979
Sun Feb 14 15:43:44 2016	1455464624	392	8652	9044	8395
Sun Feb 14 15:43:44 2016	1455464624	356	8689	9045	8653
Sun Feb 14 15:41:56 2016	1455464516	3589	5466	9055	5411
Sun Feb 14 15:42:42 2016	1455464562	3	9078	9081	9031
Sun Feb 14 15:43:36 2016	1455464616	0	9084	9085	9042
Sun Feb 14 15:42:32 2016	1455464552	2	9085	9087	9042
Sun Feb 14 15:42:16 2016	1455464536	1	9088	9089	9053
Sun Feb 14 15:44:28 2016	1455464668	0	9099	9100	9070
Sun Feb 14 15:44:01 2016	1455464641	0	9103	9103	9073
Sun Feb 14 15:44:26 2016	1455464666	40	9069	9109	9028
Sun Feb 14 15:42:23 2016	1455464543	2	9129	9131	9085
Sun Feb 14 15:42:15 2016	1455464535	0	9135	9135	9096
Sun Feb 14 15:42:19 2016	1455464539	2	9149	9151	9075
Sun Feb 14 15:42:21 2016	1455464541	2	9158	9160	9117
Sun Feb 14 15:43:59 2016	1455464639	1	9163	9164	9121
Sun Feb 14 15:42:33 2016	1455464553	37	9136	9173	9090
Sun Feb 14 15:42:44 2016	1455464564	6	9172	9178	9127
Sun Feb 14 15:44:13 2016	1455464653	694	8485	9179	8448
Sun Feb 14 15:43:41 2016	1455464621	171	9012	9183	8928
Sun Feb 14 15:44:26 2016	1455464666	79	9136	9215	9095
Sun Feb 14 15:42:59 2016	1455464579	877	8381	9258	8335
Sun Feb 14 15:42:19 2016	1455464539	2	9281	9283	9154
Sun Feb 14 15:42:22 2016	1455464542	8	9276	9284	9232
Sun Feb 14 15:42:22 2016	1455464542	2	9296	9298	9251
Sun Feb 14 15:42:42 2016	1455464562	893	8409	9301	8372
Sun Feb 14 15:43:44 2016	1455464624	7	9298	9305	9044
Sun Feb 14 15:43:01 2016	1455464581	46	9268	9314	9231
Sun Feb 14 15:43:04 2016	1455464584	1	9322	9322	9287
Sun Feb 14 15:44:26 2016	1455464666	115	9212	9327	9133
Sun Feb 14 15:42:48 2016	1455464568	0	9329	9329	9292
Sun Feb 14 15:43:59 2016	1455464639	2	9333	9334	9240
Sun Feb 14 15:43:16 2016	1455464596	3	9336	9339	9285
Sun Feb 14 15:42:06 2016	1455464526	0	9339	9340	9210
Sun Feb 14 15:44:27 2016	1455464667	0	9346	9347	9306
Sun Feb 14 15:42:18 2016	1455464538	1	9346	9347	9166
Sun Feb 14 15:44:26 2016	1455464666	195	9154	9350	9091
Sun Feb 14 15:43:57 2016	1455464637	1	9374	9375	9336
Sun Feb 14 15:42:50 2016	1455464570	0	9378	9379	9343
Sun Feb 14 15:44:26 2016	1455464666	2	9393	9395	9353
Sun Feb 14 15:43:55 2016	1455464635	749	8648	9397	8607
Sun Feb 14 15:41:56 2016	1455464516	3767	5632	9399	5537
Sun Feb 14 15:43:58 2016	1455464638	0	9404	9404	9368
Sun Feb 14 15:43:29 2016	1455464609	0	9430	9430	9399
Sun Feb 14 15:43:45 2016	1455464625	457	9012	9470	8972
Sun Feb 14 15:43:45 2016	1455464625	378	9092	9470	9052
Sun Feb 14 15:42:17 2016	1455464537	86	9389	9475	9315
Sun Feb 14 15:43:36 2016	1455464616	5	9475	9480	9401
Sun Feb 14 15:42:42 2016	1455464562	4	9516	9520	9278
Sun Feb 14 15:43:07 2016	1455464587	1	9530	9531	9441
Sun Feb 14 15:43:12 2016	1455464592	21	9511	9532	9066
Sun Feb 14 15:43:36 2016	1455464616	0	9534	9534	9443
Sun Feb 14 15:42:20 2016	1455464540	37	9542	9579	9461
Sun Feb 14 15:44:13 2016	1455464653	1752	7832	9584	7741
Sun Feb 14 15:42:18 2016	1455464538	2	9591	9592	9556
Sun Feb 14 15:43:30 2016	1455464610	178	9415	9593	9343
Sun Feb 14 15:42:59 2016	1455464579	959	8659	9618	8619
Sun Feb 14 15:43:57 2016	1455464637	0	9623	9623	9584
Sun Feb 14 15:44:03 2016	1455464643	0	9629	9630	9583
Sun Feb 14 15:43:23 2016	1455464603	2	9632	9634	9542
Sun Feb 14 15:42:30 2016	1455464550	583	9058	9640	9017
Sun Feb 14 15:42:15 2016	1455464535	3	9639	9642	9531
Sun Feb 14 15:43:46 2016	1455464626	96	9554	9650	9516
Sun Feb 14 15:43:46 2016	1455464626	3	9648	9651	9595
Sun Feb 14 15:44:25 2016	1455464665	1	9667	9669	9614
Sun Feb 14 15:44:13 2016	1455464653	804	8868	9672	8830
Sun Feb 14 15:43:13 2016	1455464593	1	9671	9672	9550
Sun Feb 14 15:44:25 2016	1455464665	1	9672	9674	9543
Sun Feb 14 15:42:18 2016	1455464538	56	9644	9700	9593
Sun Feb 14 15:42:21 2016	1455464541	0	9703	9704	9666
Sun Feb 14 15:42:34 2016	1455464554	230	9486	9716	9445
Sun Feb 14 15:43:34 2016	1455464614	2	9714	9716	9672
Sun Feb 14 15:43:03 2016	1455464583	119	9599	9718	9558
Sun Feb 14 15:43:03 2016	1455464583	43	9675	9718	9637
Sun Feb 14 15:42:42 2016	1455464562	735	8993	9728	8920
Sun Feb 14 15:43:34 2016	1455464614	3	9726	9729	9689
Sun Feb 14 15:44:13 2016	1455464653	445	9289	9734	9210
Sun Feb 14 15:43:54 2016	1455464634	948	8789	9737	8740
Sun Feb 14 15:43:55 2016	1455464635	827	8913	9740	8877
Sun Feb 14 15:44:16 2016	1455464656	2	9760	9762	9720
Sun Feb 14 15:43:56 2016	1455464636	362	9401	9763	9364
Sun Feb 14 15:43:54 2016	1455464634	191	9597	9787	9554
Sun Feb 14 15:41:56 2016	1455464516	3686	6124	9811	6043
Sun Feb 14 15:42:43 2016	1455464563	1	9817	9818	9767
Sun Feb 14 15:42:08 2016	1455464528	0	9821	9822	9792
Sun Feb 14 15:43:36 2016	1455464616	0	9824	9825	9749
Sun Feb 14 15:43:17 2016	1455464597	3	9825	9828	9748
Sun Feb 14 15:43:34 2016	1455464614	7	9833	9840	9798
Sun Feb 14 15:43:23 2016	1455464603	124	9725	9849	9686
Sun Feb 14 15:43:23 2016	1455464603	2	9847	9849	9805
Sun Feb 14 15:43:03 2016	1455464583	83	9775	9858	9718
Sun Feb 14 15:42:32 2016	1455464552	0	9861	9861	9822
Sun Feb 14 15:42:10 2016	1455464530	0	9861	9862	9833
Sun Feb 14 15:43:01 2016	1455464581	288	9580	9868	9538
Sun Feb 14 15:42:30 2016	1455464550	141	9729	9870	9552
Sun Feb 14 15:43:31 2016	1455464611	0	9874	9874	9844
Sun Feb 14 15:44:26 2016	1455464666	2	9873	9875	9739
Sun Feb 14 15:42:59 2016	1455464579	722	9162	9884	9125
Sun Feb 14 15:43:35 2016	1455464615	1	9902	9903	9757
Sun Feb 14 15:43:35 2016	1455464615	146	9757	9903	9719
Sun Feb 14 15:44:01 2016	1455464641	0	9911	9911	9874
Sun Feb 14 15:42:13 2016	1455464533	5	9909	9914	9830
Sun Feb 14 15:42:42 2016	1455464562	5	9939	9945	9740
Sun Feb 14 15:43:25 2016	1455464605	1	9956	9957	9900
Sun Feb 14 15:43:55 2016	1455464635	2	9957	9959	9580
Sun Feb 14 15:42:41 2016	1455464561	42	9921	9963	9882
Sun Feb 14 15:43:31 2016	1455464611	0	9970	9970	9939
Sun Feb 14 15:44:26 2016	1455464666	1	9969	9970	9820
Sun Feb 14 15:43:03 2016	1455464583	5	9987	9992	9858
Sun Feb 14 15:43:07 2016	1455464587	0	10000	10001	9967
Sun Feb 14 15:42:59 2016	1455464579	1319	8697	10017	8659
Sun Feb 14 15:43:33 2016	1455464613	372	9651	10023	9609
Sun Feb 14 15:42:36 2016	1455464556	2	10049	10051	10012
Sun Feb 14 15:43:02 2016	1455464582	2	10057	10059	9991
Sun Feb 14 15:42:30 2016	1455464550	157	9925	10082	9887
Sun Feb 14 15:41:56 2016	1455464516	3965	6127	10092	6028
Sun Feb 14 15:43:13 2016	1455464593	309	9806	10114	9711
Sun Feb 14 15:43:57 2016	1455464637	0	10126	10126	10096
Sun Feb 14 15:42:59 2016	1455464579	1035	9093	10128	9054
Sun Feb 14 15:42:21 2016	1455464541	0	10130	10131	10102
Sun Feb 14 15:44:13 2016	1455464653	730	9402	10132	9364
Sun Feb 14 15:43:18 2016	1455464598	1	10137	10138	10100
Sun Feb 14 15:43:32 2016	1455464612	487	9659	10145	9615
Sun Feb 14 15:43:01 2016	1455464581	1	10150	10152	10111
Sun Feb 14 15:43:02 2016	1455464582	1	10156	10157	10117
Sun Feb 14 15:42:32 2016	1455464552	3	10158	10160	10118
Sun Feb 14 15:43:01 2016	1455464581	2	10159	10161	10114
Sun Feb 14 15:41:56 2016	1455464516	4193	5974	10167	5876
Sun Feb 14 15:44:22 2016	1455464662	0	10171	10172	10127
Sun Feb 14 15:43:14 2016	1455464594	0	10174	10174	10142
Sun Feb 14 15:43:22 2016	1455464602	204	9974	10179	9930
Sun Feb 14 15:42:32 2016	1455464552	0	10183	10183	10146
Sun Feb 14 15:44:26 2016	1455464666	256	9942	10198	9840
Sun Feb 14 15:44:22 2016	1455464662	8	10219	10227	10166
Sun Feb 14 15:43:24 2016	1455464604	3	10232	10235	10186
Sun Feb 14 15:43:26 2016	1455464606	0	10242	10242	10170
Sun Feb 14 15:44:20 2016	1455464660	0	10248	10248	10213
Sun Feb 14 15:44:13 2016	1455464653	1150	9115	10265	9071
Sun Feb 14 15:42:59 2016	1455464579	1275	9000	10275	8955
Sun Feb 14 15:41:56 2016	1455464516	4339	5937	10276	5874
Sun Feb 14 15:42:30 2016	1455464550	269	10014	10283	9976
Sun Feb 14 15:42:22 2016	1455464542	0	10289	10290	10107
Sun Feb 14 15:42:02 2016	1455464522	470	9824	10294	9766
Sun Feb 14 15:42:18 2016	1455464538	3	10318	10321	10264
Sun Feb 14 15:44:26 2016	1455464666	351	9979	10331	9941
Sun Feb 14 15:44:13 2016	1455464653	1567	8772	10338	8735
Sun Feb 14 15:44:14 2016	1455464654	2	10375	10377	10229
Sun Feb 14 15:42:59 2016	1455464579	759	9619	10378	9582
Sun Feb 14 15:42:32 2016	1455464552	2	10388	10390	10269
Sun Feb 14 15:42:42 2016	1455464562	242	10159	10401	9962
Sun Feb 14 15:43:46 2016	1455464626	0	10419	10419	10350
Sun Feb 14 15:42:06 2016	1455464526	0	10435	10435	10396
Sun Feb 14 15:42:18 2016	1455464538	5	10432	10437	10320
Sun Feb 14 15:42:20 2016	1455464540	0	10449	10450	10411
Sun Feb 14 15:43:45 2016	1455464625	542	9917	10459	9777
Sun Feb 14 15:43:45 2016	1455464625	496	9964	10460	9917
Sun Feb 14 15:43:25 2016	1455464605	4	10466	10471	10412
Sun Feb 14 15:44:14 2016	1455464654	147	10366	10513	10311
Sun Feb 14 15:42:46 2016	1455464566	7	10511	10517	10458
Sun Feb 14 15:43:05 2016	1455464585	0	10552	10553	10524
Sun Feb 14 15:44:23 2016	1455464663	0	10557	10557	10509
Sun Feb 14 15:42:02 2016	1455464522	527	10036	10564	9985
Sun Feb 14 15:42:02 2016	1455464522	1	10563	10564	10457
Sun Feb 14 15:42:37 2016	1455464557	0	10579	10580	10524
Sun Feb 14 15:43:58 2016	1455464638	0	10590	10590	10438
Sun Feb 14 15:42:49 2016	1455464569	1	10639	10640	10610
Sun Feb 14 15:42:33 2016	1455464553	14	10671	10685	10565
Sun Feb 14 15:42:19 2016	1455464539	2	10698	10700	10653
Sun Feb 14 15:43:23 2016	1455464603	329	10373	10702	10299
Sun Feb 14 15:42:35 2016	1455464555	0	10705	10706	10675
Sun Feb 14 15:42:04 2016	1455464524	52	10676	10728	10632
Sun Feb 14 15:43:54 2016	1455464634	700	10033	10732	9912
Sun Feb 14 15:42:18 2016	1455464538	78	10683	10761	10572
Sun Feb 14 15:44:00 2016	1455464640	2	10760	10762	10722
Sun Feb 14 15:42:16 2016	1455464536	7	10759	10765	10660
Sun Feb 14 15:44:13 2016	1455464653	954	9812	10766	9775
Sun Feb 14 15:44:16 2016	1455464656	2	10769	10771	10723
Sun Feb 14 15:42:19 2016	1455464539	5	10769	10774	10700
Sun Feb 14 15:44:23 2016	1455464663	0	10797	10798	10765
Sun Feb 14 15:41:56 2016	1455464516	5563	5240	10803	5188
Sun Feb 14 15:42:41 2016	1455464561	2	10802	10803	10761
Sun Feb 14 15:42:35 2016	1455464555	0	10819	10819	10756
Sun Feb 14 15:42:04 2016	1455464524	141	10682	10822	10618
Sun Feb 14 15:44:13 2016	1455464653	767	10079	10846	10042
Sun Feb 14 15:44:00 2016	1455464640	2	10846	10848	10761
Sun Feb 14 15:42:35 2016	1455464555	2	10863	10865	10833
Sun Feb 14 15:44:02 2016	1455464642	0	10869	10869	10831
Sun Feb 14 15:44:13 2016	1455464653	1714	9204	10918	9166
Sun Feb 14 15:42:46 2016	1455464566	0	10964	10965	10917
Sun Feb 14 15:41:56 2016	1455464516	4063	6927	10990	6795
Sun Feb 14 15:43:22 2016	1455464602	512	10496	11008	10457
Sun Feb 14 15:43:34 2016	1455464614	1	11027	11028	10947
Sun Feb 14 15:44:13 2016	1455464653	916	10124	11040	10086
Sun Feb 14 15:42:19 2016	1455464539	2	11073	11074	11038
Sun Feb 14 15:42:30 2016	1455464550	621	10458	11079	10420
Sun Feb 14 15:44:21 2016	1455464661	0	11079	11079	11043
Sun Feb 14 15:42:30 2016	1455464550	195	10896	11091	10859
Sun Feb 14 15:41:56 2016	1455464516	5041	6054	11095	5990
Sun Feb 14 15:41:56 2016	1455464516	4401	6694	11096	6625
Sun Feb 14 15:42:17 2016	1455464537	250	10850	11100	10803
Sun Feb 14 15:43:06 2016	1455464586	0	11124	11124	11095
Sun Feb 14 15:42:32 2016	1455464552	3	11144	11147	11098
Sun Feb 14 15:43:14 2016	1455464594	2	11147	11149	11090
Sun Feb 14 15:42:17 2016	1455464537	651	10517	11169	10480
Sun Feb 14 15:44:23 2016	1455464663	2	11185	11187	11112
Sun Feb 14 15:43:33 2016	1455464613	125	11124	11249	11083
Sun Feb 14 15:43:33 2016	1455464613	87	11162	11249	11123
Sun Feb 14 15:42:42 2016	1455464562	929	10326	11256	10244
Sun Feb 14 15:44:01 2016	1455464641	0	11262	11263	11218
Sun Feb 14 15:42:43 2016	1455464563	308	10979	11287	10941
Sun Feb 14 15:42:31 2016	1455464551	0	11342	11343	10921
Sun Feb 14 15:43:42 2016	1455464622	1	11344	11346	11282
Sun Feb 14 15:44:13 2016	1455464653	1323	10049	11372	10010
Sun Feb 14 15:43:03 2016	1455464583	4	11385	11388	11313
Sun Feb 14 15:44:24 2016	1455464664	1	11397	11398	11349
Sun Feb 14 15:43:23 2016	1455464603	163	11247	11410	11210
Sun Feb 14 15:42:59 2016	1455464579	922	10500	11422	10463
Sun Feb 14 15:44:24 2016	1455464664	4	11420	11424	11352
Sun Feb 14 15:42:06 2016	1455464526	0	11537	11538	11494
Sun Feb 14 15:41:56 2016	1455464516	6275	5268	11543	5151
Sun Feb 14 15:43:02 2016	1455464582	2	11551	11553	11454
Sun Feb 14 15:42:02 2016	1455464522	269	11310	11580	11264
Sun Feb 14 15:43:03 2016	1455464583	80	11511	11592	11473
Sun Feb 14 15:43:13 2016	1455464593	122	11478	11600	11420
Sun Feb 14 15:43:23 2016	1455464603	1	11627	11628	11462
Sun Feb 14 15:43:56 2016	1455464636	47	11583	11630	11542
Sun Feb 14 15:42:34 2016	1455464554	87	11552	11640	11403
Sun Feb 14 15:43:01 2016	1455464581	2	11659	11662	11608
Sun Feb 14 15:42:45 2016	1455464565	4	11662	11666	11576
Sun Feb 14 15:42:02 2016	1455464522	108	11566	11674	11445
Sun Feb 14 15:43:01 2016	1455464581	1	11697	11697	11661
Sun Feb 14 15:43:33 2016	1455464613	159	11539	11698	11326
Sun Feb 14 15:43:56 2016	1455464636	173	11532	11705	11496
Sun Feb 14 15:42:07 2016	1455464527	2	11740	11742	11694
Sun Feb 14 15:42:02 2016	1455464522	410	11336	11746	11275
Sun Feb 14 15:42:16 2016	1455464536	564	11228	11792	11178
Sun Feb 14 15:43:41 2016	1455464621	4	11801	11805	11754
Sun Feb 14 15:43:05 2016	1455464585	2	11815	11817	11767
Sun Feb 14 15:44:14 2016	1455464654	243	11584	11828	11537
Sun Feb 14 15:42:33 2016	1455464553	0	11884	11885	11856
Sun Feb 14 15:44:13 2016	1455464653	1193	10699	11892	10568
Sun Feb 14 15:43:22 2016	1455464602	247	11656	11903	11616
Sun Feb 14 15:44:20 2016	1455464660	0	11916	11916	11884
Sun Feb 14 15:42:18 2016	1455464538	1	11981	11983	11945
Sun Feb 14 15:42:59 2016	1455464579	999	10992	11990	10955
Sun Feb 14 15:42:07 2016	1455464527	47	11965	12012	11922
Sun Feb 14 15:42:45 2016	1455464565	4	12017	12021	11889
Sun Feb 14 15:43:17 2016	1455464597	4	12032	12037	11607
Sun Feb 14 15:42:02 2016	1455464522	730	11372	12102	11307
Sun Feb 14 15:42:33 2016	1455464553	2	12100	12103	12011
Sun Feb 14 15:41:56 2016	1455464516	5392	6740	12132	6672
Sun Feb 14 15:42:30 2016	1455464550	659	11500	12158	11459
Sun Feb 14 15:43:17 2016	1455464597	187	12044	12230	12006
Sun Feb 14 15:42:45 2016	1455464565	47	12191	12238	12020
Sun Feb 14 15:43:24 2016	1455464604	1	12276	12277	12234
Sun Feb 14 15:44:13 2016	1455464653	841	11463	12304	11423
Sun Feb 14 15:42:04 2016	1455464524	96	12239	12335	12202
Sun Feb 14 15:43:56 2016	1455464636	209	12185	12394	12147
Sun Feb 14 15:42:06 2016	1455464526	0	12419	12419	12389
Sun Feb 14 15:42:34 2016	1455464554	0	12440	12440	12412
Sun Feb 14 15:42:44 2016	1455464564	2	12465	12467	12371
Sun Feb 14 15:42:04 2016	1455464524	3	12537	12540	12399
Sun Feb 14 15:43:05 2016	1455464585	8	12620	12628	12565
Sun Feb 14 15:43:14 2016	1455464594	52	12589	12642	12543
Sun Feb 14 15:42:07 2016	1455464527	0	12731	12732	12698
Sun Feb 14 15:42:44 2016	1455464564	2	12735	12737	12673
Sun Feb 14 15:42:32 2016	1455464552	4	12738	12742	12674
Sun Feb 14 15:43:16 2016	1455464596	2	12761	12763	12698
Sun Feb 14 15:43:22 2016	1455464602	164	12645	12809	12604
Sun Feb 14 15:42:46 2016	1455464566	2	12816	12818	12777
Sun Feb 14 15:44:16 2016	1455464656	101	12746	12847	12701
Sun Feb 14 15:42:02 2016	1455464522	579	12315	12894	12249
Sun Feb 14 15:44:00 2016	1455464640	9	12961	12970	12915
Sun Feb 14 15:42:34 2016	1455464554	44	12970	13014	12927
Sun Feb 14 15:43:58 2016	1455464638	0	13020	13020	12944
Sun Feb 14 15:42:04 2016	1455464524	133	12894	13026	12846
Sun Feb 14 15:44:13 2016	1455464653	1029	12012	13041	11971
Sun Feb 14 15:44:13 2016	1455464653	1405	11637	13042	11599
Sun Feb 14 15:43:33 2016	1455464613	2	13076	13077	13030
Sun Feb 14 15:42:31 2016	1455464551	0	13103	13103	13034
Sun Feb 14 15:42:30 2016	1455464550	41	13113	13154	13073
Sun Feb 14 15:42:44 2016	1455464564	1	13159	13161	13046
Sun Feb 14 15:43:57 2016	1455464637	2	13169	13171	13059
Sun Feb 14 15:42:59 2016	1455464579	1219	11982	13201	11926
Sun Feb 14 15:42:59 2016	1455464579	1357	11844	13201	11804
Sun Feb 14 15:43:33 2016	1455464613	46	13155	13201	13114
Sun Feb 14 15:42:59 2016	1455464579	838	12363	13202	12325
Sun Feb 14 15:42:02 2016	1455464522	795	12432	13227	12351
Sun Feb 14 15:44:15 2016	1455464655	1	13266	13267	13163
Sun Feb 14 15:44:13 2016	1455464653	1677	11604	13281	11567
Sun Feb 14 15:41:56 2016	1455464516	6164	7119	13282	7056
Sun Feb 14 15:44:13 2016	1455464653	1361	11922	13283	11877
Sun Feb 14 15:44:13 2016	1455464653	878	12406	13284	12368
Sun Feb 14 15:43:01 2016	1455464581	184	13152	13336	13101
Sun Feb 14 15:43:02 2016	1455464582	67	13269	13337	13197
Sun Feb 14 15:43:56 2016	1455464636	285	13071	13357	13033
Sun Feb 14 15:43:23 2016	1455464603	282	13124	13407	13077
Sun Feb 14 15:43:01 2016	1455464581	235	13185	13420	13132
Sun Feb 14 15:43:03 2016	1455464583	3	13443	13446	13012
Sun Feb 14 15:42:30 2016	1455464550	81	13458	13539	13420
Sun Feb 14 15:42:43 2016	1455464563	194	13350	13544	13310
Sun Feb 14 15:42:43 2016	1455464563	51	13493	13544	13405
Sun Feb 14 15:42:43 2016	1455464563	138	13407	13545	13350
Sun Feb 14 15:42:31 2016	1455464551	3	13560	13563	13519
Sun Feb 14 15:43:02 2016	1455464582	4	13576	13580	13538
Sun Feb 14 15:41:56 2016	1455464516	5615	7973	13588	7914
Sun Feb 14 15:44:13 2016	1455464653	1070	12604	13674	12567
Sun Feb 14 15:42:59 2016	1455464579	1073	12710	13784	12564
Sun Feb 14 15:43:59 2016	1455464639	2	13951	13953	13907
Sun Feb 14 15:42:03 2016	1455464523	107	13914	14021	13349
Sun Feb 14 15:43:56 2016	1455464636	323	13880	14203	13841
Sun Feb 14 15:43:56 2016	1455464636	87	14117	14204	14031
Sun Feb 14 15:42:45 2016	1455464565	54	14195	14248	13753
Sun Feb 14 15:41:56 2016	1455464516	6225	8116	14341	8065
Sun Feb 14 15:43:58 2016	1455464638	0	14341	14342	14307
Sun Feb 14 15:42:30 2016	1455464550	119	14341	14460	14303
Sun Feb 14 15:41:56 2016	1455464516	4290	10190	14480	10141
Sun Feb 14 15:44:13 2016	1455464653	1603	12948	14552	12911
Sun Feb 14 15:41:56 2016	1455464516	5315	9253	14568	9176
Sun Feb 14 15:42:42 2016	1455464562	271	14325	14596	13860
Sun Feb 14 15:42:42 2016	1455464562	226	14371	14596	14325
Sun Feb 14 15:42:07 2016	1455464527	1	14732	14733	14692
Sun Feb 14 15:41:56 2016	1455464516	4988	9803	14792	9750
Sun Feb 14 15:42:02 2016	1455464522	645	14253	14897	14215
Sun Feb 14 15:43:25 2016	1455464605	4	14977	14982	14935
Sun Feb 14 15:42:34 2016	1455464554	3	15021	15024	14980
Sun Feb 14 15:41:56 2016	1455464516	5459	9715	15174	9610
Sun Feb 14 15:43:02 2016	1455464582	1	15223	15224	15153
Sun Feb 14 15:42:02 2016	1455464522	682	14554	15237	14507
Sun Feb 14 15:42:02 2016	1455464522	315	14921	15237	14827
Sun Feb 14 15:42:05 2016	1455464525	2	15360	15362	15322
Sun Feb 14 15:42:05 2016	1455464525	0	15403	15403	15350
Sun Feb 14 15:41:56 2016	1455464516	5672	9890	15562	9398
Sun Feb 14 15:44:15 2016	1455464655	130	15511	15641	15455
Sun Feb 14 15:42:04 2016	1455464524	1	15684	15685	15629
Sun Feb 14 15:42:03 2016	1455464523	65	15623	15689	15581
Sun Feb 14 15:41:56 2016	1455464516	5205	10638	15843	10581
Sun Feb 14 15:42:03 2016	1455464523	1	15966	15967	15901
Sun Feb 14 15:42:35 2016	1455464555	0	16027	16028	15998
Sun Feb 14 15:41:56 2016	1455464516	4470	11616	16086	11081
Sun Feb 14 15:44:13 2016	1455464653	646	15489	16135	15436
Sun Feb 14 15:44:13 2016	1455464653	1530	14663	16193	14625
Sun Feb 14 15:44:14 2016	1455464654	202	16045	16247	16003
Sun Feb 14 15:43:56 2016	1455464636	248	16029	16276	15989
Sun Feb 14 15:44:13 2016	1455464653	1442	14970	16412	14923
Sun Feb 14 15:44:15 2016	1455464655	15	16761	16776	16641
Sun Feb 14 15:41:56 2016	1455464516	5105	11852	16957	11752
Sun Feb 14 15:44:16 2016	1455464656	145	16850	16995	16769
Sun Feb 14 15:42:03 2016	1455464523	672	16422	17094	16304
Sun Feb 14 15:44:15 2016	1455464655	2	17128	17130	17077
Sun Feb 14 15:44:13 2016	1455464653	991	16252	17242	16213
Sun Feb 14 15:44:13 2016	1455464653	1489	15814	17303	15773
Sun Feb 14 15:44:15 2016	1455464655	3	17416	17418	16998
Sun Feb 14 15:43:55 2016	1455464635	864	16606	17470	16271
Sun Feb 14 15:44:13 2016	1455464653	1640	16019	17659	15982
Sun Feb 14 15:41:56 2016	1455464516	5262	13519	18781	13462
